,condition,sample_num,cutoff_condition,cutoff_percentile,cutoff_prot_len_um,prot_hjs,total_hjs,prot_ratio
0,ck666,01,ck666,98,0.6671722874092983,152,7566,0.020089875759978854
1,w1118,03,ck666,98,0.6671722874092983,4913,15313,0.32083850323254753
2,fat2N1032,05,ck666,98,0.6671722874092983,4857,19148,0.2536557342803426
