,condition,sample_num,cutoff_condition,cutoff_percentile,cutoff_prot_avg_len_um,prot_hjs,total_hjs,prot_ratio
0,ck666,01,ck666,98,0.27871025696043444,152,7566,0.020089875759978854
1,fat2N1032,05,ck666,98,0.27871025696043444,2879,19151,0.15033157537465405
2,w1118,03,ck666,98,0.27871025696043444,2788,15304,0.1821745948771563
