Distance_(microns),Value
0.00000,2.0000
0.07345,2.4828
0.14689,0.6552
0.22034,0.0000
0.29379,5.0690
0.36723,10.1379
0.44068,11.8276
0.51413,48.0345
0.58758,22.8621
0.66102,31.0345
0.73447,24.5517
0.80792,7.0000
0.88136,0.1379
0.95481,0.2414
1.02826,2.9310
1.10170,2.4828
1.17515,3.0345
1.24860,0.4138
1.32204,2.1034
1.39549,3.1724
1.46894,6.9655
1.54239,4.0000
1.61583,5.5862
1.68928,5.0690
1.76273,0.4138
1.83617,0.0000
1.90962,2.0345
1.98307,0.0000
2.05651,4.8276
2.12996,2.274E-12
